relative_path,bytes,sha256,participant_id,assignment_status
WhatsApp Video 2026-08-27 at 11.30.09 PM.mp4,1029175,39a36db873546f0bbd436cc9a4d82cc4f7cc239f87d1234d02ca3adccc7ea475,,unassigned
WhatsApp Video 2026-08-27 at 11.30.17 PM.mp4,1145053,d0701bc881e0438d0ef8961ac948b2582e8cb3ded63dd3a1371df000419fd1fa,,unassigned
WhatsApp Video 2026-08-27 at 11.30.24 PM.mp4,1322754,076d45229b2a0a9686f57d3c3ec1950c9d510a6f54c140b1e001850fb33268b6,,unassigned
WhatsApp Video 2026-08-27 at 11.30.46 PM.mp4,952784,80e5143273295b94e037329124569276747e7d5390fbbdc167a6b3694ef92766,,unassigned
WhatsApp Video 2026-08-27 at 11.31.02 PM.mp4,882578,66da3d925db1e2e1ab77ccc2ee3d667af3167e80abcb610a52e9359fae658b5b,,unassigned
WhatsApp Video 2026-08-27 at 11.31.04 PM.mp4,770770,d126a497be66be16150ae6aa90b3355322efedc0cdf294306118c69bfa5857ff,,unassigned
WhatsApp Video 2026-08-27 at 11.31.23 PM.mp4,670291,2753e037bdcc095cdf339e856796b1c13199ecd91ea448f0b336439d370e42cb,,unassigned
WhatsApp Video 2026-08-27 at 11.31.25 PM.mp4,701849,e4741398faba6381cec6dfc44a375c601bd5d4ec3d088269d60f8e200b5003fe,,unassigned
WhatsApp Video 2026-08-27 at 11.31.27 PM.mp4,879026,3cfaafdee68da889ab57a539202ba4e2cf7218c3d51d632d5e95874b4b160644,,unassigned
WhatsApp Video 2026-08-27 at 11.31.51 PM.mp4,701042,b1d935709c261832d21666b53ddda53b97722735449107f074a85a7da4071600,,unassigned
WhatsApp Video 2026-08-27 at 11.31.53 PM.mp4,717981,5f0638f37db10b5d5258564a7b08233991b86c4c9a7fead87003544538d5265e,,unassigned
WhatsApp Video 2026-08-27 at 11.31.56 PM.mp4,868108,6285dfd10ec73a2aca88c16604ad1ef58c89d40a08fa0e716456d55057ab37ba,,unassigned
WhatsApp Video 2026-08-27 at 11.32.09 PM.mp4,1005340,49181c0550fa1cadc29181ad0076c55c1a54f52285d5a824ebfb0f3dd85025a2,,unassigned
WhatsApp Video 2026-08-27 at 11.32.12 PM.mp4,869782,09005e6d07cebf64a15c669dc0932917bea2213696fb7fb07e2b9d805cbfdd4d,,unassigned
WhatsApp Video 2026-08-27 at 11.32.46 PM.mp4,992715,06eb3e53df056303a24306aa2184000ccb794ffcb6240004aa0ab1c37af9beba,,unassigned
WhatsApp Video 2026-08-27 at 11.33.22 PM.mp4,1064875,c3c8b101f1486ecc92158c0b19bc7d562675e8c0cd4a89cbdc9ba38a0143ca31,,unassigned
WhatsApp Video 2026-08-27 at 11.33.24 PM.mp4,755058,d96583a26dcdb6f508e9e06f826d2026447013479269de472c4fe8c87ee3cbe1,,unassigned
WhatsApp Video 2026-08-27 at 11.33.40 PM.mp4,1140493,070fe8c0f4903e28a7353e88d07054f0f37642cc1c1b6269968c81ba9c4c15a8,,unassigned
WhatsApp Video 2026-08-27 at 11.34.26 PM.mp4,752948,b9c922a450d62769b4880cce3ef5fdb30b795333fa0fc7caead1e0d756bef3f6,,unassigned
WhatsApp Video 2026-08-27 at 11.34.29 PM.mp4,715352,6d351aa20375449cab3ffe4d09bca1ab4627c86e6c132a6d55e56be378853af1,,unassigned
WhatsApp Video 2026-08-27 at 11.34.31 PM.mp4,815315,d395eb2bba6bdf33f2786c19a846dbbf4ab9d15442d3667fb293bb2e53fc370e,,unassigned
WhatsApp Video 2026-08-27 at 11.35.17 PM.mp4,750407,8ac8d4283d64449e3219054675f2140b018cf475d0508e8908a019f121748dec,,unassigned
WhatsApp Video 2026-08-27 at 11.35.19 PM.mp4,629846,ea96901226d3bab45ec21a78c0ada47eba384eaab2e5a7e94f64f83b13e37d00,,unassigned
WhatsApp Video 2026-08-27 at 11.35.21 PM.mp4,771011,7ed2bfc873fb94b3c75b1173fc47ee0239e0598248061db358db718879300960,,unassigned
WhatsApp Video 2026-08-27 at 11.36.43 PM.mp4,626271,9eb1cddaf2f01f1cc9350bbb70b226ead1971dfff61f984b9219f9c96bf166f8,,unassigned
WhatsApp Video 2026-08-27 at 11.36.46 PM.mp4,670389,ab6f31dda51abaf509ce2f32f2768e0623548faf42cc518e48ced4b901cfb300,,unassigned
WhatsApp Video 2026-08-27 at 11.36.49 PM.mp4,798322,c1ad02fa346f44d7f2dd8adb24215f398b660380a81fba954c90a69b1ff02490,,unassigned
WhatsApp Video 2026-08-27 at 11.37.32 PM.mp4,827372,d8bf4c38bb9349798ac41bdfd3eda6ee57d08eca3ad80362b998927dd2c710e3,,unassigned
WhatsApp Video 2026-08-27 at 11.37.34 PM.mp4,560964,65638c9557f098354d0b13ff0bbc3068419670d078431bae5a0e93665c4bf156,,unassigned
WhatsApp Video 2026-08-27 at 11.37.40 PM.mp4,886578,fdc97ca0b9945c2ffb4661515645c4bf0627f7775baf120a4cfc32bb292ad330,,unassigned
WhatsApp Video 2026-08-27 at 11.39.12 PM.mp4,813783,461c2bdcc26991fac6c15e396838fbcb1cbb1c0940b76a51c93fff405b26641e,,unassigned
WhatsApp Video 2026-08-27 at 11.39.14 PM.mp4,814571,0ef3526073d0b614551df39ac4c8d09cdc45e3cd7ee0d81bd4dcd8ef0cf7208a,,unassigned
WhatsApp Video 2026-08-27 at 11.39.16 PM.mp4,824308,e075fb852485270f7c40d96a3bd316592499b5dc4f9ab2ab837526083b87e2a2,,unassigned
WhatsApp Video 2026-08-27 at 11.40.22 PM.mp4,672077,cd68517eaefd37d221a002625b48784ef1c0e7a8c8eaaa72a3a4a4564a0028a3,,unassigned
WhatsApp Video 2026-08-27 at 11.40.24 PM.mp4,912499,dc3bea674525c85cec50e363602155341b8dafdb2f67c96b64154b4a5b53d55b,,unassigned
WhatsApp Video 2026-08-27 at 11.40.26 PM.mp4,757279,ceb334273319f2acab7671e6b1465e519f8c0cd11f74690ce60f004710c8afd7,,unassigned
WhatsApp Video 2026-08-27 at 11.40.36 PM.mp4,464220,2e069f971927a616af5ab77a549afa4460a645a8d048e9d5db637921d92c1d5e,,unassigned
WhatsApp Video 2026-08-27 at 11.40.40 PM.mp4,561710,6c3f8d6b7ed04d0df5239af265eeed6446467c784c238395b1212dab08e4d435,,unassigned
WhatsApp Video 2026-08-27 at 11.40.42 PM.mp4,757137,00120ba527cc04b378b274c41de5cecaac86e0ad2c2f44e6c7743bad41230c37,,unassigned
WhatsApp Video 2026-08-27 at 11.41.08 PM.mp4,1044131,cca96c58bf3b79fc3242bdeb61a1ed1a3c8c9d621ace643fd1fad6ec8aa59d22,,unassigned
WhatsApp Video 2026-08-27 at 11.41.10 PM.mp4,724253,b97aa035a7898d66e3f2ecb36bc6c5cfda4723c5fae4b57121551b13c4b81d63,,unassigned
WhatsApp Video 2026-08-27 at 11.41.13 PM.mp4,982085,48f3198e05a5c4b8c582e92f5bc4d7820c118b27597c5f018a3fd0fe2c512bfa,,unassigned
WhatsApp Video 2026-08-27 at 11.41.22 PM.mp4,984168,073dc49c48eb1cf9b1f25ec86d8210d8df50949c0f75cc0c55822714417c3b14,,unassigned
WhatsApp Video 2026-08-27 at 11.41.24 PM.mp4,747401,b38c812af1d7bbfb89180649b8cc9fd656f5c7babf345b85329c41c9ef188304,,unassigned
WhatsApp Video 2026-08-27 at 11.41.27 PM.mp4,1007370,60c56a950e23acaa0e1337a5155c9824fbe2748afb674b46086ae22224eb4104,,unassigned
WhatsApp Video 2026-08-27 at 11.41.41 PM.mp4,1148516,91b6f95498a01c25668b52af99b2304740a3c5605bf582dbf31a1a0e65216667,,unassigned
WhatsApp Video 2026-08-27 at 11.41.44 PM.mp4,858383,9eac153254d0a7428bd5ae8764e165a21a7245549298b4cb1d9d9ceb87b6341d,,unassigned
WhatsApp Video 2026-08-27 at 11.41.53 PM.mp4,1203071,613b0c41bdec51f9c469252a60407cb4f3d86b65b1ad5b1f146bc7b536fa5f43,,unassigned
WhatsApp Video 2026-08-27 at 11.44.29 PM.mp4,562881,eca5997f4601102ad9fe7ebc7d1aa71adb8d6661e67d14a368bb13a394687433,,unassigned
WhatsApp Video 2026-08-27 at 11.44.30 PM.mp4,556738,bd3c698db83e15d8ed721d9e5c8c2e803695a02a133c87a9f8ea59b5e93a9104,,unassigned
WhatsApp Video 2026-08-27 at 11.46.04 PM.mp4,768095,3f88f53c30b430a76da49b5b064f9c43eedae07de88087fa4d57f1bb63ffb302,,unassigned
WhatsApp Video 2026-08-27 at 11.46.05 PM.mp4,809708,ad226a2292d29ad817d78d6c2eb76ae8ea417e0494eeb36f60ccf460be85f486,,unassigned
WhatsApp Video 2026-08-27 at 11.46.08 PM.mp4,1198913,de8fafcbd92e8a86851742cf75841d0104d7b9f713df32d5905f27fec3d20c5f,,unassigned
WhatsApp Video 2026-08-27 at 11.47.03 PM.mp4,670697,bc9fb46608bba508d8eb91bfe5a987eff15a1cfd78e63cd592f796230d255ab9,,unassigned
WhatsApp Video 2026-08-27 at 11.47.05 PM.mp4,630363,571d3eb8202cf84fa075ebfc3266c6c4a544903357ddae12c07d1f8210cd4fd5,,unassigned
WhatsApp Video 2026-08-27 at 11.47.06 PM.mp4,459600,9840b550624aca0eda088090dd56df2968d3bdcb43f3d0d55111a45af3fd58d8,,unassigned
WhatsApp Video 2026-09-05 at 10.32.20 PM (1).mp4,1176129,5d5bb1060389ab5024a8ad6fa8596f7d0ea66530eab652756c04beaaf19e5e84,,unassigned
WhatsApp Video 2026-09-05 at 10.32.20 PM.mp4,1575364,f321b9b9e007b237341b23ff46e5508264ab15f3206c34a31380e2bc3693db77,,unassigned
WhatsApp Video 2026-09-05 at 10.32.21 PM (1).mp4,964855,9faf0450cef60777da336cb22aa1f5868fc6ad7146fb77252981e49af8f2a193,,unassigned
WhatsApp Video 2026-09-05 at 10.32.21 PM (2).mp4,793702,9063c219a10d61788d2e825b02cdefef0d3e85cce7bf19a8f850738d7257d91b,,unassigned
WhatsApp Video 2026-09-05 at 10.32.21 PM.mp4,2029704,ce460b74be1e1a5b71de3bdd840b0a08b56fdd14220f8d7d7749f88776bde1b0,,unassigned
WhatsApp Video 2026-09-05 at 10.32.22 PM (1).mp4,956150,3b277c826b527d9eb63f6a2911265d2bb5b1c89fb3d018ac55db1d918e436237,,unassigned
WhatsApp Video 2026-09-05 at 10.32.22 PM (2).mp4,833526,922edfed29aef4a8af078ead8e378d1707e44be45c349ac4c445b249cd4739ef,,unassigned
WhatsApp Video 2026-09-05 at 10.32.22 PM.mp4,943516,8fa6fc301fe39995e2c70efa7cf0eed71a1fda2a5c2680e00f885443bceb5f5c,,unassigned
WhatsApp Video 2026-09-05 at 10.32.23 PM.mp4,865620,71109239bc858416a0721725acd5af695d08ca982523c50c587f6f657a208056,,unassigned
WhatsApp Video 2026-09-05 at 10.32.36 PM.mp4,1011689,b9dc2e87fc95976856df35ce5ac186ca181f6d39868e12615df01bbd3b8a6e90,,unassigned
WhatsApp Video 2026-09-05 at 10.32.37 PM (1).mp4,1030726,46e26a3e625a8a1186a24a06e8201e990810d8675c051637f5fa52119d1b3bbd,,unassigned
WhatsApp Video 2026-09-05 at 10.32.37 PM (2).mp4,1969734,83e71c18054c407e1b9ead92c6c866c6e7f1bc935cdb398e738388bf04b87f38,,unassigned
WhatsApp Video 2026-09-05 at 10.32.37 PM.mp4,1283932,989f145e1cb9ebc3cbbcda01a3f4a339ddebc90468e64c6d64f65504e1a494fb,,unassigned
WhatsApp Video 2026-09-05 at 10.32.38 PM (1).mp4,1691070,9b11cf08b971a96f58f42617b15cbbe8af1697699755afbcbac70347a90f1eff,,unassigned
WhatsApp Video 2026-09-05 at 10.32.38 PM.mp4,2421856,6d9266e666429b0de0f2b0a81678f59c05759798d61c0bb2ac52314c2bb3f388,,unassigned
WhatsApp Video 2026-09-05 at 7.04.24 PM.mp4,2379218,08d3f547d9f305c38e7dfe507f6a5841c57070468d3be66f71de243a180a6843,,unassigned
WhatsApp Video 2026-09-05 at 7.04.25 PM (1).mp4,1593745,f39b914933247fa7510a6ee68baaafc52b289f849d8b60835a7998e51381e7c6,,unassigned
WhatsApp Video 2026-09-05 at 7.04.25 PM.mp4,2076423,0cdb457051402e0bce45c2263509ae774e32ea45b7ac6804af2aa1572b5f1646,,unassigned
WhatsApp Video 2026-09-05 at 8.23.05 PM (1).mp4,1254807,86dc2a668f116a6d69a835691aa8967c943728b042f08722f019c49d60c3d3b8,,unassigned
WhatsApp Video 2026-09-05 at 8.23.05 PM.mp4,922362,cd0cd772367397ee647a8c47e7a8e9a71ec3e5e0a377e57dae098f3fc2b812ec,,unassigned
WhatsApp Video 2026-09-05 at 8.23.06 PM.mp4,982377,908c477816b76034cdf25d94689e195af8cb905c1573b6a81b991fcbea0424ca,,unassigned
WhatsApp Video 2026-09-05 at 8.50.46 PM (1).mp4,1351057,03b1b17033845f281877ae46e96821e6987b44c913de94964af6c43ad9ba70b5,,unassigned
WhatsApp Video 2026-09-05 at 8.50.46 PM (2).mp4,998694,508cdfbef69acb410031c0344bd0ca3163cb5675c17f94eb00a52d8d575ed00e,,unassigned
WhatsApp Video 2026-09-05 at 8.50.46 PM.mp4,1206696,084889434911ae8025149cfb7f2fb54ceb09215de82e0d748050a591021984ad,,unassigned
WhatsApp Video 2026-09-06 at 10.06.35 PM (1).mp4,1368076,aa4142492a5cb8082d979fe55b982eb310c065276ffea8aaf92843d560664a6e,,unassigned
WhatsApp Video 2026-09-06 at 10.06.35 PM.mp4,1894573,e0d4d10d18795b6580ec8601b6a1f60d3023dcc224794f9100cd87449f6b3d18,,unassigned
WhatsApp Video 2026-09-06 at 10.06.36 PM.mp4,1078510,e28ce919d8177d3b14a8ef4de9fe020a8dbf17ebbcaa554e5a97663607adba3b,,unassigned
WhatsApp Video 2026-09-06 at 11.32.05 AM (1).mp4,1633911,595ae0b1aa3a05d90f10bf5a242152a5989961a5f9d428040e193820e16c64cf,,unassigned
WhatsApp Video 2026-09-06 at 11.32.05 AM.mp4,1357718,95490989d999ed91070dc6623bbf5d482ba33cd327a49b0bfa91564dbfc4ddab,,unassigned
WhatsApp Video 2026-09-06 at 11.32.06 AM.mp4,1023021,ba4303ca80202acb8ea27b23b10004463c10bed07cd5d20692186c26da02dcb5,,unassigned
WhatsApp Video 2026-09-06 at 5.03.59 AM.mp4,4418288,f02436ae985a06d4b5967257b70fc9e4444a15621f5f4facf0d57ad10f893c66,,unassigned
WhatsApp Video 2026-09-06 at 6.37.29 PM.mp4,956074,f07d7d1e15573bd4025e4386a952e9866439045f0f2558ddb46d216445430e81,,unassigned
WhatsApp Video 2026-09-06 at 6.37.32 PM.mp4,1019773,d50ce9f910d88be22ef33331da6a329c614878205d4f150045621dfbfe570fad,,unassigned
WhatsApp Video 2026-09-06 at 6.37.35 PM.mp4,1011837,7d5645d4daefaaaf74c31c52aea6678c39d7ff0dcf5c85e0f77bef6e24abde5c,,unassigned
WhatsApp Video 2026-09-06 at 6.54.33 PM.mp4,1097111,7076818bd6114fedbc2b83a9babf7e6e90aefba0aea8772e52e5d12292ad3ae8,,unassigned
WhatsApp Video 2026-09-06 at 6.54.36 PM.mp4,1100145,53d18574e3a34da9741544456e82b546b4d346b4fd95d29cea193bade867c7c3,,unassigned
WhatsApp Video 2026-09-06 at 6.54.41 PM.mp4,1185172,a787a72d10568fcaa7b84326bf7ed222f8e36e710847a3155738e045a6739ef4,,unassigned
WhatsApp Video 2026-09-06 at 7.44.34 PM.mp4,1491542,456cf0320f557c9a22b39177bddd9f1f1f8dc936e400234246b5ce2b274fdbe5,,unassigned
WhatsApp Video 2026-09-06 at 7.44.35 PM (1).mp4,1815282,392a5f9be19f9d8bcaf92fe6f6ba1bda7ff1659c030841eef841aa3c2339f829,,unassigned
WhatsApp Video 2026-09-06 at 7.44.35 PM (2).mp4,1015298,f25818fb9b93708adde3a7030f2ee7c65f3877bcb56f8404c7394a6d05d63390,,unassigned
WhatsApp Video 2026-09-06 at 7.44.35 PM.mp4,1516011,abe205bb6efc75fb796db862188bee00def5db9f12b6601d223c962da5c089c8,,unassigned
WhatsApp Video 2026-09-06 at 7.44.36 PM (1).mp4,1180828,8083beedb7d04705301fc379da75cc57360e9307e55b3627b6f476adef1f5258,,unassigned
WhatsApp Video 2026-09-06 at 7.44.36 PM.mp4,1220609,5df9303baf40b9a9abd1d5c0487fa04871e5c9f4cdc6a3afb5af90bd0f7565dc,,unassigned
WhatsApp Video 2026-09-06 at 9.19.21 AM.mp4,1366603,bb28c72641de74dc33f53a92fe288ecf0d4a934c8685fc116a0b7e63752b3ebd,,unassigned
WhatsApp Video 2026-09-07 at 10.23.12 AM.mp4,1993042,aa78108ae54f2ddacc1c7c8cebe7021356e2d836d15380c2045b2e0d582e2f39,,unassigned
WhatsApp Video 2026-09-07 at 10.23.13 AM (1).mp4,1773948,e1bd684d98eb31c5c1025096d9e2e22e9f4094c734dc1a41560f7d75fe7fbd7c,,unassigned
WhatsApp Video 2026-09-07 at 10.23.13 AM.mp4,2554790,b84e0af1e52a0226208e7b9531852af42e91707090075b288629aabf0b78b313,,unassigned
WhatsApp Video 2026-09-07 at 10.23.14 AM (1).mp4,2692433,673c58a445f90037fe0843f835bb07b26f4dcc1c5c070f2d6ad9dd56fa66bd1d,,unassigned
WhatsApp Video 2026-09-07 at 10.23.14 AM (2).mp4,2263495,ca67f0e426b2fed4db110d78c32c4926ce842c41b096f814c747629a7c8c9a87,,unassigned
WhatsApp Video 2026-09-07 at 10.23.14 AM.mp4,1829210,dd90ded7ea6b6fac9d6c0ed34667643f3ce03ce1827f04ec63298eda144ae31f,,unassigned
WhatsApp Video 2026-09-07 at 10.23.15 AM (1).mp4,3435455,abf769280002b47b65789e8f7943ae8dced007634c809ad0a3ee17324546f6a0,,unassigned
WhatsApp Video 2026-09-07 at 10.23.15 AM.mp4,2586443,06de844d7a8cee8ea41075e666360d6a28341784cfa7edfa3520a2cc4c69d634,,unassigned
WhatsApp Video 2026-09-07 at 2.25.29 PM.mp4,1212592,1e03d3a3f96b9f034ba88dadad518212c0cb0a27bf90497052c4d445a7ed87a8,,unassigned
WhatsApp Video 2026-09-07 at 2.25.30 PM (1).mp4,1699376,0f77fc0d7aede2a88edb797407433287486977a6c93956cbc9e253256da5940d,,unassigned
WhatsApp Video 2026-09-07 at 2.25.30 PM.mp4,1382482,0dbc4527e1a7e92396252acf71ffb4b17cadfafae33976e263005d8fb6527b2b,,unassigned
WhatsApp Video 2026-09-07 at 3.21.27 PM.mp4,1591613,5bb8d838ac780b124f9e6bd3929193bcdf3f283e445e350727ba2e9d43a04cbe,,unassigned
WhatsApp Video 2026-09-07 at 3.21.28 PM (1).mp4,1457961,162c96720703f9c72cdf8f252368945a525920fc1d8c3d9b6c0df48a442e158b,,unassigned
WhatsApp Video 2026-09-07 at 3.21.28 PM.mp4,1393100,c5fc7d1af6f6e01482fcb65ced473578813fa259cec1c66184b196b76c514d73,,unassigned
WhatsApp Video 2026-09-07 at 6.32.19 PM.mp4,1081491,bb872d3067845c746444d373eef8c8ef2ac5cea75561876f2406ec35a7702a3c,,unassigned
WhatsApp Video 2026-09-07 at 6.32.22 PM.mp4,1090009,8f883a1f7b5bf99c7bc1fe3ef70d9e2bc72558f96376be9c81572c16657ce221,,unassigned
WhatsApp Video 2026-09-07 at 6.32.24 PM.mp4,962992,38399ddf42b2ce9c78fde4b1c5707d1ff64ebc1cfd6ee934306ad100c116b7dc,,unassigned
WhatsApp Video 2026-09-07 at 6.46.37 AM (1).mp4,2166266,03e45aba57843467fe4f9ff2ea9bbae0993fff3d10a8010716054bb637064789,,unassigned
WhatsApp Video 2026-09-07 at 6.46.37 AM.mp4,2019619,fb5cb4dbcf80437087dd8f5b871e54f0cf15e3b6a624ab127cf0cd1fef98ad10,,unassigned
WhatsApp Video 2026-09-07 at 6.46.38 AM.mp4,1582917,910844fd8408a1a445d6e9c5088716931a07fc206b22bace58f71e90b23c09df,,unassigned
WhatsApp Video 2026-09-07 at 6.55.15 AM.mp4,774322,94132f425643147bb0e9a286d37ac2d38ee8d2732b4595dd4f3674ffadfc9307,,unassigned
WhatsApp Video 2026-09-07 at 6.55.17 AM.mp4,890920,889c18e40e595c7612f7f92bd6a7e10e53c48c72a5c7d76c0104cd6d40617994,,unassigned
WhatsApp Video 2026-09-07 at 6.55.20 AM.mp4,1425938,a479b51c778a4b6a25d08ffabcb94ffb314a57fae862fe808c32777c8866d660,,unassigned
WhatsApp Video 2026-09-07 at 7.03.34 PM (1).mp4,3065472,606403a04afe44aade57db393033c55dc6b480686ddb2faf022a05d1120fda19,,unassigned
WhatsApp Video 2026-09-07 at 7.03.34 PM.mp4,2245639,a488ee8a82e4e23fc58d7cff70bde395f8bc3a311d611db62f0bbc920be9bc96,,unassigned
WhatsApp Video 2026-09-07 at 7.03.35 PM.mp4,2155260,5ef7b932a4059b8c5e995bdae6d729ea12e0472fb5fe58af3b195beffa964c64,,unassigned
WhatsApp Video 2026-09-07 at 7.59.33 PM.mp4,1065471,84c1df60459d019eced0bd022aa39de5809b5a314a83ab1d4d6705f3a34851ad,,unassigned
WhatsApp Video 2026-09-07 at 7.59.35 PM.mp4,818807,a3a54635f285acd7feaff9036af52071bbb06fa9cb2f0ef2ae8b7c7f71dbae39,,unassigned
WhatsApp Video 2026-09-07 at 7.59.39 PM.mp4,1231614,68b1aca55def1eb78a7f20b0815bc1d90dd9a10af65b321cea4cfd3119e41e99,,unassigned
WhatsApp Video 2026-09-07 at 7.59.46 PM.mp4,553546,64591bc3744a45dd85cb937c39c225e8d4e967c0929841fe225e6f28360b4253,,unassigned
WhatsApp Video 2026-09-07 at 7.59.48 PM.mp4,957181,e535b89a5c25261d26967cc6b6e752debba5c615e81f13c9e9136869a7279a18,,unassigned
WhatsApp Video 2026-09-07 at 7.59.49 PM.mp4,561490,ce60945a684c18fcea0af1d47502a2ac4f7e09699e7bd82effd8a9cfec840bcf,,unassigned
WhatsApp Video 2026-09-07 at 7.59.55 PM.mp4,1044455,2150978dcaac496da85ba384ff328f5dce022d0bc224c3ea5149d6ce7454f4ca,,unassigned
WhatsApp Video 2026-09-07 at 7.59.57 PM.mp4,791254,4d9df0aa88ffb0b1943c402ade9a13cc8c2b83c42d33f9bb474f07320679e94b,,unassigned
WhatsApp Video 2026-09-07 at 7.59.58 PM.mp4,541531,03cfa4c76f4c2ba9296cdeaaefc0be762328e773fe9b1609a23cc8bbba301bdf,,unassigned
WhatsApp Video 2026-09-07 at 8.00.01 PM.mp4,643456,ed2408031a8f0148e863fd753a705a372e00924d36824d2e77f69aac13edcbdd,,unassigned
WhatsApp Video 2026-09-07 at 8.00.02 PM.mp4,697514,a0463197536424b42b9a8d2e7cbedfa63271ad4bc465948636baef9e432ecb67,,unassigned
WhatsApp Video 2026-09-07 at 8.00.04 PM.mp4,565339,c80fdbb63733933e4ccea7d2ebaa511f0be202997cfa7f56a8ebc1da53d61f25,,unassigned
WhatsApp Video 2026-09-07 at 8.00.43 PM.mp4,1245711,64f7acf6bfa192b7d278df303ecd436ec644c00da20349d2309ef9226a33b9b6,,unassigned
WhatsApp Video 2026-09-07 at 8.00.45 PM.mp4,722579,a7e83af2ab9b2a9fe9c4207c9101d1b09faa9cdd4c27c497ac4272b05998e684,,unassigned
WhatsApp Video 2026-09-07 at 8.00.46 PM.mp4,575726,db2439dfb3d01084bd458daf5688c998ba96a0cdafd2fef7eff527be6b472f14,,unassigned
WhatsApp Video 2026-09-07 at 8.00.50 PM.mp4,637867,4bf260b966920ba7c0b77242ea22c6079ca6e3a892261917ddcb93d697fa9c7c,,unassigned
WhatsApp Video 2026-09-07 at 8.00.51 PM.mp4,634713,ab290647fc9c4294b80a877057e1ebd3dca9c0e28d3844bab9f7fba4c4e0807b,,unassigned
WhatsApp Video 2026-09-07 at 8.00.54 PM.mp4,524713,967a2877a870f64029e67bf3cd1be02311d08140d17f6801e3766a4b03d9d056,,unassigned
WhatsApp Video 2026-09-07 at 8.00.59 PM.mp4,1051197,023a00f5f513ba662612c8d5255fdd1ab7af97bc0837abd16bd6d79065c84ad6,,unassigned
WhatsApp Video 2026-09-07 at 8.01.02 PM.mp4,606079,0ac6ea836ce3938f766324c8a626414535f4740f3ee5bd28231ae22fea7a8743,,unassigned
WhatsApp Video 2026-09-07 at 8.01.03 PM.mp4,520323,890f88a4ba38ef3ed6aeb9a5ab1146a83165c1c8e11cdfcbfa6a5cecffeda43c,,unassigned
WhatsApp Video 2026-09-07 at 8.01.09 PM.mp4,1135770,251ffe6efb816706ecfc46c244961ad598841d9d61454751accfd3fa001ad081,,unassigned
WhatsApp Video 2026-09-07 at 8.01.11 PM.mp4,423704,ba1a4202366fd52c88f0cceeadf4b9eb8ca6e98e4d9531101808a414391cbfd5,,unassigned
WhatsApp Video 2026-09-07 at 8.01.12 PM.mp4,567687,9169506d718fcd8a8cd5a2f7247054d68863047fb7ffc4956f293673cc351981,,unassigned
WhatsApp Video 2026-09-07 at 8.01.17 PM.mp4,922469,726e22dbb2cf96562d3bc895cfb7e18a5e3cc508840419aeb5b3a8500d4560db,,unassigned
WhatsApp Video 2026-09-07 at 8.01.18 PM.mp4,624360,284c0496b261b4e7f7dcb3689f5019f66231035ba6e84ee52d56d9ead0988887,,unassigned
WhatsApp Video 2026-09-07 at 8.01.20 PM.mp4,411875,7b35d2fa540b1ad19fdf543026861d7d1354227fd5f0db795ec46a45a18cd41a,,unassigned
WhatsApp Video 2026-09-07 at 8.01.25 PM.mp4,573068,1b8df4f261680ced78cd223055fec1591a8bb49b4abf1192ecc5468ee91905ba,,unassigned
WhatsApp Video 2026-09-07 at 8.01.27 PM.mp4,772996,1151073a1edb4705dbd26c0843023d00372573d9d04c77e7705bfaa167ed3ee0,,unassigned
WhatsApp Video 2026-09-07 at 8.01.29 PM.mp4,656129,b9583ee621021ad51b592935a114a331b1980db4235342fef2429f67f452d341,,unassigned
WhatsApp Video 2026-09-07 at 8.01.38 PM.mp4,629013,b280c1512999f85e979a093a3b1589b805fcf1e7168e36ba8d5de53a9722f089,,unassigned
WhatsApp Video 2026-09-07 at 8.01.40 PM.mp4,1072054,bf5981f52d10a4bf0f0a02a45b8d829e8b0113cbbfd370b97f8fea4b185bf1ab,,unassigned
WhatsApp Video 2026-09-07 at 8.01.42 PM.mp4,802064,3b3fce7c43c859af6482244f6b862711c97e3c73381b46bb95012d34fbb745ef,,unassigned
WhatsApp Video 2026-09-07 at 8.01.52 PM.mp4,735533,bcd4ad07781ffa6dbe560b31899e1b0736e0c024c8152a84873bbf7ea71d1d61,,unassigned
WhatsApp Video 2026-09-07 at 8.01.54 PM.mp4,621385,3a55833a17fe26195439d37db12b3c024550743ee845a8f432e42c0630bf1a44,,unassigned
WhatsApp Video 2026-09-07 at 8.01.56 PM.mp4,697179,45ed72c68b605b4bbe04e4b686fd4b8224dca99f80bd0654c774435356531cd7,,unassigned
WhatsApp Video 2026-09-07 at 8.02.02 PM.mp4,611202,0d21c256528a5140635a02de6b4b67a1478089d2757b8933a2afe701bc84af51,,unassigned
WhatsApp Video 2026-09-07 at 8.02.03 PM.mp4,695433,790ff05447c88a84c660343fe801f00d49085c91d9149c022c028f28ecbafefc,,unassigned
WhatsApp Video 2026-09-07 at 8.02.05 PM.mp4,743134,49a38bceef3f38482aa976f3e096249ee6a07318d0eaff19137b633169f37e4d,,unassigned
WhatsApp Video 2026-09-07 at 8.03.16 PM (1).mp4,650463,5a264fe5ea46e7df62ec029d4cb315264c6eebd78195ec33b10aa3b3c98584b8,,unassigned
WhatsApp Video 2026-09-07 at 8.03.16 PM (2).mp4,824774,b162610699ec3ac9296c780bbd14de7196225120ae5acee9482f1aad9a4b5da7,,unassigned
WhatsApp Video 2026-09-07 at 8.03.16 PM.mp4,1317252,24c7b486ed5a41e39a472c0937892afdea65a4c9955aa67a7b9bab8fa84e777f,,unassigned
WhatsApp Video 2026-09-07 at 8.04.03 PM (1).mp4,1094575,77fa10e0955506e34e5418486f69cbe75e459d3730a6bbbf7cccc70cbd0a8440,,unassigned
WhatsApp Video 2026-09-07 at 8.04.03 PM.mp4,862632,d66424e0c654992e9c37db9e9ef3f6781a10648f082c6a933b0d78632748960e,,unassigned
WhatsApp Video 2026-09-07 at 8.04.04 PM.mp4,895600,c02b4e18fe965e90f8105dbd7ed8409468f673aef476ea984a71edc914bf3fea,,unassigned
WhatsApp Video 2026-09-07 at 8.04.37 PM (1).mp4,1696582,ead78ca8be341d409a53664a4a5df448e698f579557d997d0e10795a6c367bd8,,unassigned
WhatsApp Video 2026-09-07 at 8.04.37 PM (2).mp4,2461163,264b92aec8c19954dc999acb7f930580f26a31f98ed04c3cf59113af8fc22e65,,unassigned
WhatsApp Video 2026-09-07 at 8.04.37 PM.mp4,1392341,aa166eccab5a853f819654d16e34d32d8b3e406ba795029e45b3af71ac02d907,,unassigned
WhatsApp Video 2026-09-07 at 8.05.23 PM (1).mp4,1659203,a97ff4a483d4c658fd00f334de3dae566ddc9ac8fdf6180b5c023e4b974eebcc,,unassigned
WhatsApp Video 2026-09-07 at 8.05.23 PM (2).mp4,1302294,a529e96ee0cb4adc71ae8398a1e8413c6fbe0a4626a016e7359e0802ed7c973e,,unassigned
WhatsApp Video 2026-09-07 at 8.05.23 PM.mp4,1456142,3278c6e7264fc7789e3545e62f887f370e6ed8f9557d5aa46c44f4fce5a2def3,,unassigned
WhatsApp Video 2026-09-07 at 8.05.56 PM.mp4,1068031,6a7c12e6cc24c4482276712bf3a94343f80a8b2fe4800bcbbbf4efa132fb0d51,,unassigned
WhatsApp Video 2026-09-07 at 8.05.57 PM (1).mp4,788181,be6b4f77352e0f4385e034c61503bf54d5d175a91d8981ac4669796dfd888cfc,,unassigned
WhatsApp Video 2026-09-07 at 8.05.57 PM.mp4,867072,0d3a16ca94e56182f0cd61c3010845304f5c6f265a51ab4ae1c3ebd843e06f9d,,unassigned
WhatsApp Video 2026-09-07 at 8.38.57 AM (1).mp4,1304499,4d835cd88329ec81722e968301af579f7e17cd365f141ce4e3a1464d479f6348,,unassigned
WhatsApp Video 2026-09-07 at 8.38.57 AM.mp4,918027,470228ed937a135677e45863f6cf2197b8e00ece93c082a8b478cb94eb2081ea,,unassigned
WhatsApp Video 2026-09-07 at 8.38.58 AM (1).mp4,1396099,f34921c7bba84a2b455254335b47b156037b765e13d062ed422a6c26ccfda2be,,unassigned
WhatsApp Video 2026-09-07 at 8.38.58 AM.mp4,1600725,b931a8fe01efea235f376b2eaf710dc67125c420d2ec00dcf6aa38878b58015a,,unassigned
WhatsApp Video 2026-09-07 at 8.38.59 AM (1).mp4,996603,e008fd3d25997b7eef9fd8224aa06ec242ef2b7d906761f05f895e455a322dac,,unassigned
WhatsApp Video 2026-09-07 at 8.38.59 AM.mp4,1026330,bef8d34455a4c0a163f62c870b6e1feb3a62920b43e40895c44fb17208ffc3db,,unassigned
WhatsApp Video 2026-09-07 at 8.57.25 PM.mp4,1953390,e0bdb62058b15a203971591145182fffb92b1bda6c5f5f8606132053128128c7,,unassigned
WhatsApp Video 2026-09-07 at 8.57.26 PM.mp4,1997130,188a0c725d7b7b09733173566ad9f4179b2253a0d9177ce6481a70740bd8720e,,unassigned
WhatsApp Video 2026-09-07 at 8.57.27 PM (1).mp4,1204706,45308bcbcc6acf777c8303b6eee02b5abff408dee6e4be5788d924eb48c7c704,,unassigned
WhatsApp Video 2026-09-07 at 8.57.27 PM (2).mp4,1734345,df884f3a0f891b457a83bc845a7b584802bf3c0bc45035473d678f7f3154ffc4,,unassigned
WhatsApp Video 2026-09-07 at 8.57.27 PM.mp4,1734254,edac70c722c7afe7f15addf23174a21bfba040b82140e31343eae8669d907589,,unassigned
WhatsApp Video 2026-09-07 at 8.57.28 PM.mp4,1170410,1d3037eb2ef5bb730277fe866dd72fee2eac6179e5ee11185b4ef8583396972d,,unassigned
WhatsApp Video 2026-09-07 at 9.53.47 AM.mp4,1304926,4c5b94de5af897ab67b9233c6c85ddd62a7e8bb113bc20f0f54948e7ae7dd15e,,unassigned
WhatsApp Video 2026-09-07 at 9.53.48 AM (1).mp4,1083394,5aba638668158c92ab7dd149165e58bbd016bc0fbb9fcf0e4751bc1f8cd4318a,,unassigned
WhatsApp Video 2026-09-07 at 9.53.48 AM.mp4,1020491,7ded0d2fbc693dde5bfd1bf88741dae7589e1d922f633d44888286d827d33036,,unassigned
WhatsApp Video 2026-09-08 at 1.09.13 PM (1).mp4,1226349,884158edb3cf974e36739dc9b9e9ae1f73d12d949f04ce36954f32137c3cfbe6,,unassigned
WhatsApp Video 2026-09-08 at 1.09.13 PM (2).mp4,1284285,cf52433ace2f377e1f9bccaeab5b36aae41c72c094df0cc4c591485925cb81c7,,unassigned
WhatsApp Video 2026-09-08 at 1.09.13 PM.mp4,1384895,1850f226cbbe8ffeef560910ec9e46a88d39374b35dc737ced48de236e865836,,unassigned
WhatsApp Video 2026-09-08 at 6.38.05 AM.mp4,1003137,69c6458394bfce58b6985d86caa0b3e37144e0689deae54cb943d75cce4a87ef,,unassigned
WhatsApp Video 2026-09-08 at 6.38.06 AM (1).mp4,1564314,15e7e1cc95b6fd29fb7847a1e8cd0c2f05320e96488f2906775bb03265d2d094,,unassigned
WhatsApp Video 2026-09-08 at 6.38.06 AM.mp4,1305164,b1a938c661f4b5feac1ef5d6d734b9c0dc28fb00f1a76b7d0067c54d6c008aae,,unassigned
WhatsApp Video 2026-09-08 at 6.40.56 AM.mp4,2021891,a3d2d45343a915f702e968b16fa9c6ba32752833351822880a27a64c84790e18,,unassigned
WhatsApp Video 2026-09-08 at 6.40.57 AM (1).mp4,2943689,caff2ae94f053443bfbfd5a8e84aea09808e8dbf874ef5d8298ea513fe612f0e,,unassigned
WhatsApp Video 2026-09-08 at 6.40.57 AM.mp4,1745243,326a4734a69fe8cc93df3f29a69702036a1679b65f649f03890d56b360a8e035,,unassigned
WhatsApp Video 2026-09-08 at 7.03.27 PM (1).mp4,1058834,73de39c72ac227ab63b79cb6214e472b75c4966022c2f211b39911fb81b1abb0,,unassigned
WhatsApp Video 2026-09-08 at 7.03.27 PM.mp4,1262049,6a7867e128680453db22b1c834a518d88d9f573bb7c721257697f259db912d21,,unassigned
WhatsApp Video 2026-09-08 at 7.03.28 PM.mp4,2200025,8855cbfb8de8bea543f6b3b744e09152ede098907741af1dff3eccd8359e37c6,,unassigned
WhatsApp Video 2026-09-08 at 7.05.55 PM.mp4,642689,a7d2a451791bb05ff041b1b62b7c97aa0128723361b47ac81829865327db5448,,unassigned
WhatsApp Video 2026-09-08 at 7.05.57 PM.mp4,766503,30f0f5a19e12bebe5df37d32de564715962dcaa0c74ddc495afc8b7c6e55440c,,unassigned
WhatsApp Video 2026-09-08 at 7.05.58 PM.mp4,660305,275ab5bfbf0c2eb252dddd558bae29d7703a25f2a50f3316b2546828535b9d5e,,unassigned
WhatsApp Video 2026-09-08 at 7.06.00 PM.mp4,603333,52fff9ba9c772aa9e88bcae736c0c4647c38e1afc4f3d299d856c4ebd00f4185,,unassigned
WhatsApp Video 2026-09-08 at 7.06.02 PM.mp4,427693,ebb995ab887386611fddd02445cca65113a53acd9534cdd9b25e43794ba196d4,,unassigned
WhatsApp Video 2026-09-08 at 7.06.03 PM.mp4,394235,0e0b414ce3c88f5b398220f6d5efccbfbba39e04bf082e65196aaa656d407c44,,unassigned
WhatsApp Video 2026-09-08 at 7.06.05 PM.mp4,1174251,3b807aabe6207df50812e35e8ee1f933af13d13191c03a912fd121931fe53506,,unassigned
WhatsApp Video 2026-09-08 at 7.06.09 PM.mp4,1627227,c00e626430738e3371531928915be1745725e61ca016781e5e0a65d9886ce411,,unassigned
WhatsApp Video 2026-09-08 at 7.06.11 PM.mp4,942475,8a31f7ab73ea8ba00653dbc1113a7de47e547f12b787d0b366d9af9d4624b863,,unassigned
WhatsApp Video 2026-09-08 at 7.06.13 PM.mp4,1345487,42edbe64f8fca9490cc8a173edffbb6568c6c0f29ed3a4d54c91e3906ddd6ed7,,unassigned
WhatsApp Video 2026-09-08 at 7.06.16 PM.mp4,1122314,79f1daf6fa0fb175048ee5acc8ab3f8a2693e12138c6a8fca500680711eb4f84,,unassigned
WhatsApp Video 2026-09-08 at 7.06.18 PM.mp4,1169840,c13adee2702c0e266832551ca803e28a01b21826df5a83380a4a16ce0d486893,,unassigned
WhatsApp Video 2026-09-08 at 7.06.23 PM.mp4,1120920,9a95dc69f00fbed6e009cb487c08dc1c0bfa481a4bc8e988a8f120bba054492e,,unassigned
WhatsApp Video 2026-09-08 at 7.06.26 PM.mp4,1124442,fb539f0d8ce46e8b7a86665cd316aa63905eb5de7110a8a494c358d7d73f6fda,,unassigned
WhatsApp Video 2026-09-08 at 7.06.28 PM.mp4,1223667,f94bbacb1eefed9de31867694098c6ef3e651462aeb6ec2cf17e281f9e5fc74d,,unassigned
WhatsApp Video 2026-09-08 at 7.08.07 PM.mp4,1778925,c667bb2199265c13ad74e343814e602b4a7df4a5566e9db690b8e7700a7143c3,,unassigned
WhatsApp Video 2026-09-08 at 7.08.08 PM (1).mp4,1356400,ed7564197db93035afad5b437f8a70784f518f5cb74e87990025f4dbb6d20f12,,unassigned
WhatsApp Video 2026-09-08 at 7.08.08 PM.mp4,1253612,dc6e755a2ab1155d8c7b8a18be6170daf0e5ea150af8848c3820355a840f0f04,,unassigned
WhatsApp Video 2026-09-08 at 7.41.15 PM.mp4,770943,82e45937609769bcdb8d2666f3dd4eb8af970d16601e14fa44ce30febd441a99,,unassigned
WhatsApp Video 2026-09-08 at 7.41.18 PM.mp4,875919,8fc0812edf8de96b3f02cd2709b69e69316d8e55a702fe31c40fbfa6c7361ee8,,unassigned
WhatsApp Video 2026-09-08 at 7.41.19 PM.mp4,967625,f40985cc30fcecf79fbb5579b07ab4ebb8b6f23b36f0be51a17ecc10ba344cea,,unassigned
WhatsApp Video 2026-09-08 at 7.45.17 PM.mp4,789026,8070ad87052b8f320af548bea88989c496894ab8e1cbb072d569f20227bbbd7a,,unassigned
WhatsApp Video 2026-09-08 at 7.45.19 PM.mp4,496130,0616c2d02f2d766b54e5a0f4ba2ad7d5a5274b63b1be3bb3211478fc03c75e15,,unassigned
WhatsApp Video 2026-09-08 at 7.45.24 PM.mp4,1020702,84d237cf0b3ba29bd8b2f3934b23b1315c7cc51b41fc643ff5e92d90f346459b,,unassigned
WhatsApp Video 2026-09-08 at 8.01.27 PM.mp4,798185,ad11cfa053640c590dd64d7e41d59fdf30d88c3ff5e6ac3ebea2783c59c16acc,,unassigned
WhatsApp Video 2026-09-08 at 8.01.29 PM.mp4,783138,3825a142c0836bf4a929c3c43932e6fcbc24d89786829f8d369d8167bb780ad3,,unassigned
WhatsApp Video 2026-09-08 at 8.01.33 PM.mp4,632198,11283abbed96ccce6171618a7d92646f2024156a6b9eb7cbe1dba0f73d04e120,,unassigned
WhatsApp Video 2026-09-08 at 8.02.23 PM.mp4,849384,47b7c9503b79c87f3de8a5f5e1b80d4f72946316ed8952917f9b8d23a6bc32ce,,unassigned
WhatsApp Video 2026-09-08 at 8.02.25 PM.mp4,755724,d94c064a25ac7c793ea2d561a44930da0648516b4f013cf71afaaf2940540752,,unassigned
WhatsApp Video 2026-09-08 at 8.02.26 PM.mp4,515839,c57bb8b2a13dc0e438982728e7de53660c56404f8f39f6e9e836b9bbc69735b4,,unassigned
WhatsApp Video 2026-09-08 at 8.13.14 PM.mp4,894170,6523c042d785b086b849c0690f12dd339e54869ce1eda66794720b3a0a01a92a,,unassigned
WhatsApp Video 2026-09-08 at 8.13.16 PM.mp4,977346,74e8938ed9e1a056fb297122b14cc33ae7554022b836a9e4feb5d54fff6e9b0d,,unassigned
WhatsApp Video 2026-09-08 at 8.13.18 PM.mp4,925183,a4496cfa5909c34bcddd5ba326474124f4e4d33cece07f3fe869d954a10b25a7,,unassigned
WhatsApp Video 2026-09-08 at 8.47.25 PM (1).mp4,1237600,c8630dc971197be1d5c9b44e462b05940705be58c2a0227f9c721d7951b1fdb9,,unassigned
WhatsApp Video 2026-09-08 at 8.47.25 PM.mp4,1331191,bb9767b13de6aa1e9aa2881a6bd95e1979734f1927993c4f70643054c9e49c16,,unassigned
WhatsApp Video 2026-09-08 at 8.47.26 PM.mp4,1087616,33d7a374a394dc997a27124d3e54ee740f8e4ce6e1594063809ce03d6583559e,,unassigned
WhatsApp Video 2026-09-08 at 8.47.45 PM.mp4,713757,183c321419e102835a7406ef7217d7d2a2f008752a5d07011de1e7c762d12bd9,,unassigned
WhatsApp Video 2026-09-08 at 8.47.46 PM.mp4,730016,84dc72ec58fbd7151ba022b31895a5ce1cd46700e82277e31722ee5f066e3693,,unassigned
WhatsApp Video 2026-09-08 at 8.47.48 PM.mp4,624908,bd23e7ffcc81c8d85a0f3437ce927525688f4ff582e2d1d92afba59a86e12c35,,unassigned
WhatsApp Video 2026-09-08 at 8.50.24 PM.mp4,676232,8aaea6f96cc0fc43e6967b733d8ca9b95ee7536abf0231f6a2dcfb92f77174fa,,unassigned
WhatsApp Video 2026-09-08 at 8.50.26 PM.mp4,835528,394c7d4910a776134fef0743419addc3f80983771d471d64a994ca1587b1c39f,,unassigned
WhatsApp Video 2026-09-08 at 8.50.28 PM.mp4,597810,0a0d3363efe753c7c6b98a88e9ef48014bbfec5bbd2cb5e29a909653e49090f0,,unassigned
WhatsApp Video 2026-09-08 at 8.59.54 PM.mp4,762175,36e2e1539447375d2a449155ae3adbb43b623e1bc55dd4c28f2b910ad74d57b2,,unassigned
WhatsApp Video 2026-09-08 at 8.59.56 PM.mp4,762826,883c6bf3b4d4bb118b75f2a16beb3e0d0cb41268bc57a78541b7e6b5662fd2c0,,unassigned
WhatsApp Video 2026-09-08 at 8.59.58 PM.mp4,1047158,6d40b8f5fb8c5560c86ac48052cb2827a46fd01dfebb445952f2362c91f1b472,,unassigned
WhatsApp Video 2026-09-08 at 9.00.01 PM.mp4,1183915,0aad1cb9268e7dd728164c1985231b19a6f9fcc32493ceb6e448dc0190add97f,,unassigned
WhatsApp Video 2026-09-08 at 9.00.04 PM.mp4,1208126,d6374a451eca999858c202761af8610eca097aca09864b1cd00a38188cfcd2b9,,unassigned
WhatsApp Video 2026-09-08 at 9.00.07 PM.mp4,1335267,82e60d3cf3dbcbfb117a764fd4376978f766ea1ed56cca7a26a7158f3f64c2d4,,unassigned
WhatsApp Video 2026-09-08 at 9.03.45 PM.mp4,829445,ce94cfa3d6ab9dca80fd60f57ed015515bdcb4eb8dbc06fed8beb25b5159d525,,unassigned
WhatsApp Video 2026-09-08 at 9.03.51 PM.mp4,984615,50c3c008f01e359aeca67ee095d3aef2e3c6cf4fb2256a3ae2c6e4e195aecd1a,,unassigned
WhatsApp Video 2026-09-08 at 9.04.08 PM.mp4,784414,24c9e2d9453a0c22f997ee998ef9f5b2b8d3285707d2cc547517a2f25469afd7,,unassigned
WhatsApp Video 2026-09-08 at 9.04.10 PM.mp4,765155,a2624ae17634999f5e246918b9df370f8c700880360c204ed452d2d99a0954e8,,unassigned
WhatsApp Video 2026-09-08 at 9.04.12 PM.mp4,709996,0970165080cd109e297612aabffb9a7a6e576730318fa4d74a9e9c8a944ec9a8,,unassigned
WhatsApp Video 2026-09-08 at 9.04.15 PM.mp4,723428,096ef92bb4299c7999f1bad5d69148aba4590d43352f4ad75f24e8b588cd1796,,unassigned
WhatsApp Video 2026-09-08 at 9.04.20 PM.mp4,594790,a86bb41c8743cf4abd3a442eb30a05d594ff7bcf3ea0c304d553c19f820fda8a,,unassigned
WhatsApp Video 2026-09-08 at 9.04.22 PM.mp4,1335393,0e8fd359b5e58ed7ec4d824c8df8d3395db73a2aa815e6f711ab1b99135f1bfd,,unassigned
WhatsApp Video 2026-09-08 at 9.04.25 PM.mp4,654606,c510d9f78ee67eb2e61fe26f85fabfb0604f08821308650a241f6eefe4446c8e,,unassigned
WhatsApp Video 2026-09-08 at 9.24.57 AM.mp4,1480163,1a18b9f1cbcde3255ac3af88fd5934d3355cb1cd69518930d7851359a58d963f,,unassigned
WhatsApp Video 2026-09-08 at 9.24.58 AM (1).mp4,1378354,9e4e813c5b0264443c4a7481851334ef20b7ce9ba5d405f1a8daf5281614f838,,unassigned
WhatsApp Video 2026-09-08 at 9.24.58 AM (2).mp4,1061057,c9e4c2d5a2a9bb547c7bfeeac3390b8840692e72d3a4a522fb245f6bc5237674,,unassigned
WhatsApp Video 2026-09-08 at 9.24.58 AM.mp4,1647996,f7b778ae74ae383d8abf9fe46e7d4a594000f5eb26e48d62d43da0b3c180b94b,,unassigned
WhatsApp Video 2026-09-08 at 9.24.59 AM (1).mp4,981786,05f849563ee6c7b3740b467f7d01c48f1b4bca80bfdabc9d5a3e8c12b25e5569,,unassigned
WhatsApp Video 2026-09-08 at 9.24.59 AM.mp4,1107415,b214205d99c5adeb19fbbcb4aa75fe1922d205e3b703bf4142e156fad66c615c,,unassigned
WhatsApp Video 2026-09-09 at 10.56.30 AM.mp4,550627,a319596914b39658d756b2156bd99e090cbb96b28216cd4d08e93c88b7bbb465,,unassigned
WhatsApp Video 2026-09-09 at 10.56.42 AM.mp4,707186,2137050dbbe3b267fd16ac92ab17c7c3a4e1ba65dd419ec4f8d3283a2b490423,,unassigned
WhatsApp Video 2026-09-09 at 10.56.45 AM.mp4,538837,e6ce7fb5d7b6d8df84e70a007b1ebbc05917121992008f41f6c695ba3f0968d1,,unassigned
WhatsApp Video 2026-09-09 at 10.57.10 AM.mp4,628299,0a436878f02d3042f6f17cfd5478eb55f7d2dc8a87af45d53cc70165ba3efdb5,,unassigned
WhatsApp Video 2026-09-09 at 10.57.12 AM.mp4,696777,3e9f83fec6cf10eddf1af0ae4a5ede71fd943390ffafe1e76ae3e5e40cce2418,,unassigned
WhatsApp Video 2026-09-09 at 10.57.14 AM.mp4,695857,a01652815b1cc68131d03dcc5b769c93f0106bd8b7732ecc2593e6a496a94dcb,,unassigned
WhatsApp Video 2026-09-09 at 11.14.46 AM.mp4,491846,da1bd8d9a572b171197b6f9dddd1f669d1d49235c5e6a207f2aa5c9dfea130de,,unassigned
WhatsApp Video 2026-09-09 at 11.14.48 AM.mp4,480189,75d3855c0c66ed3af505b35ee42338d3c5f6098662628d37a0ddc7977dcf5d60,,unassigned
WhatsApp Video 2026-09-09 at 11.14.50 AM.mp4,581312,8048d47b02c60c49a297b651ac90ea6d26edaf44ed1b64b92e306f79813362c1,,unassigned
WhatsApp Video 2026-09-09 at 11.14.53 AM.mp4,445495,8a6f15ea0a0ee31ec552f754a914eb5af985447e424649706b890103b2dadd2d,,unassigned
WhatsApp Video 2026-09-09 at 11.14.55 AM.mp4,784393,218968db0a466e35315da8c92155b8691814271e0dbcf2bd61a4513f6d09cd91,,unassigned
WhatsApp Video 2026-09-09 at 11.14.57 AM.mp4,1087625,2a26b5845debd75195a563346d882c20f369b287258d2f65de56e0868c519bfd,,unassigned
WhatsApp Video 2026-09-09 at 11.14.59 AM.mp4,611690,b653ec24a8974a3dfae2cff054e1f6b2bba396b1239e3724752f70ce6f2cfe7a,,unassigned
WhatsApp Video 2026-09-09 at 11.15.01 AM.mp4,773761,1aea16be850f2ed134f518c4dc27e29c864838ef08824d3c04834a51c60144bb,,unassigned
WhatsApp Video 2026-09-09 at 11.15.04 AM.mp4,695947,b0211c680e23d72249a1e0edfff37b70fd69da4c1eaae6758ee8971fc1188487,,unassigned
WhatsApp Video 2026-09-09 at 11.15.44 AM.mp4,521677,215a2be19d5ce559debf201b8db5f74562522e0a2eb63d7ca585d47773e6f31a,,unassigned
WhatsApp Video 2026-09-09 at 11.15.45 AM.mp4,360774,fc4f3cbc28b05160b07017142e3c4a83b52b96062e550d4c0e8d6908abec8cd7,,unassigned
WhatsApp Video 2026-09-09 at 11.15.46 AM.mp4,427904,ba282fbe6b2fe5f47c39f9e8166af1cb03f63604c73609da3668c1b979bafd21,,unassigned
WhatsApp Video 2026-09-09 at 11.15.49 AM.mp4,628608,6e06fc5a608a17c991c9c8d394b8621e9e997ff30816d957a03e0ed442cae38b,,unassigned
WhatsApp Video 2026-09-09 at 11.15.51 AM.mp4,688530,3d98c9ea01cf004642cdb6901f74141062aca27bbecdf89d08107f07bfec3468,,unassigned
WhatsApp Video 2026-09-09 at 11.15.52 AM.mp4,446605,cd0b8d60c76f81a60528cc1b8b15ae91ea79d5eef84d3f2086ade8b34720928a,,unassigned
WhatsApp Video 2026-09-09 at 11.15.54 AM.mp4,698896,c7e2dcd5ea68dfbc458dbb49c4ba0f22a05283e07797c17d89b32b715b8854c7,,unassigned
WhatsApp Video 2026-09-09 at 11.15.56 AM.mp4,744497,58ecf5977a500dc1bc8a590f2b052986b82777f4e4aa082d27857035c61a2b46,,unassigned
WhatsApp Video 2026-09-09 at 11.15.57 AM.mp4,441952,bfa55805bd40641532e769fb01fac5decd710dd2b03f41c4d772ebf9a5270edd,,unassigned
WhatsApp Video 2026-09-09 at 11.16.10 AM.mp4,721970,33d6314a1d6b2a408ded83c38e4ae1d0ea1334c2a5f3dc71efe19abd22e2509e,,unassigned
WhatsApp Video 2026-09-09 at 11.16.11 AM.mp4,244420,94654612133b2012c449bd1fcb61efb8b8c6237c3864cb3a2f2f71f592d64e3d,,unassigned
WhatsApp Video 2026-09-09 at 11.16.14 AM.mp4,699768,50ff3f44755fc9d6f6c14541523394a3971197f4d55d851a5e52b2f6009ba5ed,,unassigned
WhatsApp Video 2026-09-09 at 3.06.20 PM (1).mp4,2306942,3e1e34922383259f7c63009702efdc088a0fc6c8e66d63992ea40d8281c1768e,,unassigned
WhatsApp Video 2026-09-09 at 3.06.20 PM.mp4,1075924,dae2cc3e6f216595af1420d5be8c4337be700dd9cefd5e179f7a2f40e16450ae,,unassigned
WhatsApp Video 2026-09-09 at 3.06.21 PM (1).mp4,1631302,f5e2b0ca7fa3d203120f21467a82e873008daf6c3bed925d701bd0e2f8ccbc25,,unassigned
WhatsApp Video 2026-09-09 at 3.06.21 PM (2).mp4,1451432,74c3cd3d83ed3384522dbd66c5e02c77dbcc63bcc91e6dd75be570ed87d42e55,,unassigned
WhatsApp Video 2026-09-09 at 3.06.21 PM.mp4,939772,ec28e1c346d125dfe10594447be294ed64da47e7bd9cfe9a4b976661bacfc65f,,unassigned
WhatsApp Video 2026-09-09 at 3.06.22 PM (1).mp4,3250470,40f0d77823236d084361bcff1d033370cc73ab524e01541d689627ca32756837,,unassigned
WhatsApp Video 2026-09-09 at 3.06.22 PM.mp4,1263667,7b9684bd674873b405d34eac438148fe9322a3b14a1f9a52c7c16eb1d017bd8f,,unassigned
WhatsApp Video 2026-09-09 at 6.33.02 PM (1).mp4,816093,15d5704f6339ddfadf0bd0ceded652169b1eb588e54a4ff3e90d2d1326b64c48,,unassigned
WhatsApp Video 2026-09-09 at 6.33.02 PM (2).mp4,987700,44a28689e35f61f3c25401e68279c41578f015c63ae415e76d246ed91ad7654e,,unassigned
WhatsApp Video 2026-09-09 at 6.33.02 PM.mp4,7919319,83e1e138fadf28fdae7322051bd3afad7c34f13073229a1b87ec227bd2a46ccc,,unassigned
WhatsApp Video 2026-09-09 at 6.33.03 PM.mp4,1055723,7caace21b60837fae1c50abcd5f59780db73eef7121878ed941eca7e34949334,,unassigned
WhatsApp Video 2026-09-09 at 9.32.59 AM (1).mp4,1383098,c1e9881caf9df589084cbe0425ccda35522eddd6813b8fb951a6ba41ed2e098b,,unassigned
WhatsApp Video 2026-09-09 at 9.32.59 AM.mp4,1943521,1bcb18c64808aca0ac503df62e70f8668d894cd9208b7dd1f53b891ed510f47f,,unassigned
WhatsApp Video 2026-09-09 at 9.33.00 AM.mp4,1020516,5ba14611025ea9a716b9d092739f180c01e72f3155b7d5daa9513421c930d177,,unassigned
WhatsApp Video 2026-09-10 at 5.45.12 PM.mp4,97681,8f6f08aad44e2da09edfb2c8eddd4c7fab799bcc90616cf78374913dd22ba9cf,,unassigned
WhatsApp Video 2026-09-10 at 5.45.13 PM (1).mp4,1894407,aa9d02daabac2008bc8c60d5acad45cbc6d9187e4aefc7099d39213d8718a922,,unassigned
WhatsApp Video 2026-09-10 at 5.45.13 PM.mp4,2066198,26468729bad18046dae4c25d1609f1efd7945e4eb2260ed669c7382fec69f13a,,unassigned
WhatsApp Video 2026-09-10 at 5.45.14 PM (1).mp4,1839453,c9b1c59406733b263f585a29424797392d3d174f95f029d79b72d4bcf6a7624e,,unassigned
WhatsApp Video 2026-09-10 at 5.45.14 PM.mp4,2017681,f7d2c827bb654350d5aabff42207b2513fc82bd1940c069781c8b9ae6901613c,,unassigned
WhatsApp Video 2026-09-10 at 5.45.15 PM.mp4,2701052,756aee82a1202c5fc460360340901e1d3eabec28f0302de22c8a1e0e893f061d,,unassigned
WhatsApp Video 2026-09-10 at 8.29.48 PM.mp4,978871,5db68a8b4810b23f764b5fee3e1d5af73a1b5cf6852ec266db0ec99ab80f6866,,unassigned
WhatsApp Video 2026-09-10 at 8.29.49 PM (1).mp4,1049711,8feef9db1cb799e01c76bdcd727377a020c619fee09e39b63fc4d845ff670476,,unassigned
WhatsApp Video 2026-09-10 at 8.29.49 PM.mp4,1402673,c423c06ce2d0efbf5189d29b7be493a8c293be3f3e5687f89c482f80ce1479ce,,unassigned
